id;nom;description;adresse;date_creation;piece_jointe;piece_jointe_content_type
1;Via Corners function;Optional projection Granite;Accounts;2021-02-25T19:23:56;../fake-data/blob/hipster.png;image/png
2;Gabon salmon Wooden;Object-based;Beauty;2021-02-26T06:48:54;../fake-data/blob/hipster.png;image/png
3;productize Beauty Manager;Corporate;Data Frozen;2021-02-26T08:42:06;../fake-data/blob/hipster.png;image/png
4;cross-platform;Steel impactful leverage;Incredible;2021-02-25T23:47:17;../fake-data/blob/hipster.png;image/png
5;Checking Account microchip Soap;Sleek Granite Chips facilitate;harness Tasty Rubber Soap;2021-02-25T21:45:47;../fake-data/blob/hipster.png;image/png
6;Electronics driver;synthesize;SSL matrix;2021-02-26T03:03:49;../fake-data/blob/hipster.png;image/png
7;Soft;Table;Officer;2021-02-25T20:21:33;../fake-data/blob/hipster.png;image/png
8;Central Refined;Bedfordshire Future Industrial;Metrics enterprise Small;2021-02-25T22:42:07;../fake-data/blob/hipster.png;image/png
9;Factors Human;South Dakota;District Isle;2021-02-26T13:01:39;../fake-data/blob/hipster.png;image/png
10;deliverables Agent;Shirt Virgin Islands, British Sleek Rubber Pants;process improvement communities;2021-02-25T20:13:31;../fake-data/blob/hipster.png;image/png
